"","Year","Month","Address","County","State","Country","Rate","lon","lat"
"1",2011,"February","Renville County,North Dakota,USA","Renville County","North Dakota","USA",2.9,-101.6334298,48.8582263
"2",2011,"February","Williams County,North Dakota,USA","Williams County","North Dakota","USA",1.8,-103.2923954,48.432044
"3",2011,"February","Stutsman County,North Dakota,USA","Stutsman County","North Dakota","USA",4.9,-98.9909139,46.939184
"4",2011,"February","Eddy County,North Dakota,USA","Eddy County","North Dakota","USA",7.1,-98.8871816,47.6963964
"5",2011,"February","Slope County,North Dakota,USA","Slope County","North Dakota","USA",2.1,-103.5021012,46.4129398
"6",2011,"February","Emmons County,North Dakota,USA","Emmons County","North Dakota","USA",8.4,-100.2953039,46.2061318
"7",2011,"February","Traill County,North Dakota,USA","Traill County","North Dakota","USA",4,-97.1256368,47.4636775
"8",2011,"February","Griggs County,North Dakota,USA","Griggs County","North Dakota","USA",3.9,-98.2554295,47.3876664
"9",2011,"February","Morton County,North Dakota,USA","Morton County","North Dakota","USA",5.5,-101.1621736,46.6683872
"10",2011,"February","Towner County,North Dakota,USA","Towner County","North Dakota","USA",3.4,-99.2761104,48.7485974
"11",2011,"February","Dickey County,North Dakota,USA","Dickey County","North Dakota","USA",3.6,-98.4554399,46.1265285
"12",2011,"February","Ramsey County,North Dakota,USA","Ramsey County","North Dakota","USA",4.9,-98.7287191,48.3076017
"13",2011,"February","Adams County,North Dakota,USA","Adams County","North Dakota","USA",3.4,-102.5179098,46.0594591
"14",2011,"February","Bowman County,North Dakota,USA","Bowman County","North Dakota","USA",2.6,-103.556038,46.0945462
"15",2011,"February","Sioux County,North Dakota,USA","Sioux County","North Dakota","USA",5.5,-101.1175392,46.0512004
"16",2011,"February","Ward County,North Dakota,USA","Ward County","North Dakota","USA",3.8,-101.5805256,48.2147451
"17",2011,"February","McLean County,North Dakota,USA","McLean County","North Dakota","USA",6.4,-101.131122,47.6185079
"18",2011,"February","Burleigh County,North Dakota,USA","Burleigh County","North Dakota","USA",4.2,-100.5049676,47.0448552
"19",2011,"February","Steele County,North Dakota,USA","Steele County","North Dakota","USA",2.8,-97.688456,47.4272265
"20",2011,"February","Cavalier County,North Dakota,USA","Cavalier County","North Dakota","USA",4.1,-98.4781106,48.8103752
"21",2011,"February","Mountrail County,North Dakota,USA","Mountrail County","North Dakota","USA",2.5,-102.326433,48.2169859
"22",2011,"February","Bottineau County,North Dakota,USA","Bottineau County","North Dakota","USA",4.4,-100.7486336,48.7820733
"23",2011,"February","Ransom County,North Dakota,USA","Ransom County","North Dakota","USA",4.8,-97.6257919,46.4937656
"24",2011,"February","Logan County,North Dakota,USA","Logan County","North Dakota","USA",4,-99.5270202,46.5056729
"25",2011,"February","Mercer County,North Dakota,USA","Mercer County","North Dakota","USA",7,-101.8628783,47.385292
"26",2011,"February","Foster County,North Dakota,USA","Foster County","North Dakota","USA",4.4,-98.874618,47.4991972
"27",2011,"February","McHenry County,North Dakota,USA","McHenry County","North Dakota","USA",6.4,-100.7008406,48.3814671
"28",2011,"February","Cass County,North Dakota,USA","Cass County","North Dakota","USA",3.9,-97.1215579,47.071168
"29",2011,"February","Benson County,North Dakota,USA","Benson County","North Dakota","USA",7.9,-99.4648442,48.088634
"30",2011,"February","Nelson County,North Dakota,USA","Nelson County","North Dakota","USA",5.5,-98.1259898,47.9519514
"31",2011,"February","McKenzie County,North Dakota,USA","McKenzie County","North Dakota","USA",2.2,-103.4122495,47.7714179
"32",2011,"February","Pierce County,North Dakota,USA","Pierce County","North Dakota","USA",6.4,-100.0575335,48.0379438
"33",2011,"February","Billings County,North Dakota,USA","Billings County","North Dakota","USA",4.9,-103.3906121,47.0560305
"34",2011,"February","Golden Valley County,North Dakota,USA","Golden Valley County","North Dakota","USA",3,-103.7914154,47.0077031
"35",2011,"February","Divide County,North Dakota,USA","Divide County","North Dakota","USA",2.3,-103.582951,48.8056154
"36",2011,"February","Stark County,North Dakota,USA","Stark County","North Dakota","USA",2.7,-102.6554727,46.8250004
"37",2011,"February","Dunn County,North Dakota,USA","Dunn County","North Dakota","USA",2.9,-102.72602,47.2121625
"38",2011,"February","Rolette County,North Dakota,USA","Rolette County","North Dakota","USA",11.5,-99.8791166,48.6981517
"39",2011,"February","Burke County,North Dakota,USA","Burke County","North Dakota","USA",2.6,-102.4633691,48.7704377
"40",2011,"February","McIntosh County,North Dakota,USA","McIntosh County","North Dakota","USA",4.5,-99.376592,46.054323
"41",2011,"February","Barnes County,North Dakota,USA","Barnes County","North Dakota","USA",4.5,-98.1222338,46.926176
"42",2011,"February","Sheridan County,North Dakota,USA","Sheridan County","North Dakota","USA",5.3,-100.2844016,47.5391971
"43",2011,"February","Kidder County,North Dakota,USA","Kidder County","North Dakota","USA",7.3,-99.7506856,46.8766313
"44",2011,"February","Sargent County,North Dakota,USA","Sargent County","North Dakota","USA",4.1,-97.6152418,46.1089195
"45",2011,"February","Richland County,North Dakota,USA","Richland County","North Dakota","USA",4.5,-96.8958656,46.1546779
"46",2011,"February","Lamoure County,North Dakota,USA","Lamoure County","North Dakota","USA",3.9,-98.5457951,46.4284976
"47",2011,"February","Walsh County,North Dakota,USA","Walsh County","North Dakota","USA",5.7,-97.7528872,48.3777874
"48",2011,"February","Wells County,North Dakota,USA","Wells County","North Dakota","USA",5.9,-99.5751845,47.5217126
"49",2011,"February","Oliver County,North Dakota,USA","Oliver County","North Dakota","USA",7.3,-101.342985,47.1217918
"50",2011,"February","Grant County,North Dakota,USA","Grant County","North Dakota","USA",4.2,-101.5535564,46.3951108
"51",2011,"February","Grand Forks County,North Dakota,USA","Grand Forks County","North Dakota","USA",4.2,-97.3594525,48.0037819
"52",2011,"February","Hettinger County,North Dakota,USA","Hettinger County","North Dakota","USA",3.5,-102.4557007,46.3771987
"53",2011,"February","Pembina County,North Dakota,USA","Pembina County","North Dakota","USA",8,-97.4487964,48.7199939
"54",2011,"October","Renville County,North Dakota,USA","Renville County","North Dakota","USA",2.5,-101.6334298,48.8582263
"55",2011,"October","Williams County,North Dakota,USA","Williams County","North Dakota","USA",1.2,-103.2923954,48.432044
"56",2011,"October","Stutsman County,North Dakota,USA","Stutsman County","North Dakota","USA",2.9,-98.9909139,46.939184
"57",2011,"October","Eddy County,North Dakota,USA","Eddy County","North Dakota","USA",3.1,-98.8871816,47.6963964
"58",2011,"October","Slope County,North Dakota,USA","Slope County","North Dakota","USA",2,-103.5021012,46.4129398
"59",2011,"October","Emmons County,North Dakota,USA","Emmons County","North Dakota","USA",4.5,-100.2953039,46.2061318
"60",2011,"October","Traill County,North Dakota,USA","Traill County","North Dakota","USA",2.6,-97.1256368,47.4636775
"61",2011,"October","Griggs County,North Dakota,USA","Griggs County","North Dakota","USA",2.2,-98.2554295,47.3876664
"62",2011,"October","Morton County,North Dakota,USA","Morton County","North Dakota","USA",2.9,-101.1621736,46.6683872
"63",2011,"October","Towner County,North Dakota,USA","Towner County","North Dakota","USA",2.1,-99.2761104,48.7485974
"64",2011,"October","Dickey County,North Dakota,USA","Dickey County","North Dakota","USA",2.4,-98.4554399,46.1265285
"65",2011,"October","Ramsey County,North Dakota,USA","Ramsey County","North Dakota","USA",2.9,-98.7287191,48.3076017
"66",2011,"October","Adams County,North Dakota,USA","Adams County","North Dakota","USA",2.4,-102.5179098,46.0594591
"67",2011,"October","Bowman County,North Dakota,USA","Bowman County","North Dakota","USA",1.9,-103.556038,46.0945462
"68",2011,"October","Sioux County,North Dakota,USA","Sioux County","North Dakota","USA",4.3,-101.1175392,46.0512004
"69",2011,"October","Ward County,North Dakota,USA","Ward County","North Dakota","USA",2.6,-101.5805256,48.2147451
"70",2011,"October","McLean County,North Dakota,USA","McLean County","North Dakota","USA",3.5,-101.131122,47.6185079
"71",2011,"October","Burleigh County,North Dakota,USA","Burleigh County","North Dakota","USA",2.5,-100.5049676,47.0448552
"72",2011,"October","Steele County,North Dakota,USA","Steele County","North Dakota","USA",2.2,-97.688456,47.4272265
"73",2011,"October","Cavalier County,North Dakota,USA","Cavalier County","North Dakota","USA",2.2,-98.4781106,48.8103752
"74",2011,"October","Mountrail County,North Dakota,USA","Mountrail County","North Dakota","USA",1.6,-102.326433,48.2169859
"75",2011,"October","Bottineau County,North Dakota,USA","Bottineau County","North Dakota","USA",3,-100.7486336,48.7820733
"76",2011,"October","Ransom County,North Dakota,USA","Ransom County","North Dakota","USA",2.8,-97.6257919,46.4937656
"77",2011,"October","Logan County,North Dakota,USA","Logan County","North Dakota","USA",2.4,-99.5270202,46.5056729
"78",2011,"October","Mercer County,North Dakota,USA","Mercer County","North Dakota","USA",3.9,-101.8628783,47.385292
"79",2011,"October","Foster County,North Dakota,USA","Foster County","North Dakota","USA",2.3,-98.874618,47.4991972
"80",2011,"October","McHenry County,North Dakota,USA","McHenry County","North Dakota","USA",3.3,-100.7008406,48.3814671
"81",2011,"October","Cass County,North Dakota,USA","Cass County","North Dakota","USA",2.7,-97.1215579,47.071168
"82",2011,"October","Benson County,North Dakota,USA","Benson County","North Dakota","USA",4.3,-99.4648442,48.088634
"83",2011,"October","Nelson County,North Dakota,USA","Nelson County","North Dakota","USA",3.5,-98.1259898,47.9519514
"84",2011,"October","McKenzie County,North Dakota,USA","McKenzie County","North Dakota","USA",1.5,-103.4122495,47.7714179
"85",2011,"October","Pierce County,North Dakota,USA","Pierce County","North Dakota","USA",3.8,-100.0575335,48.0379438
"86",2011,"October","Billings County,North Dakota,USA","Billings County","North Dakota","USA",3.1,-103.3906121,47.0560305
"87",2011,"October","Golden Valley County,North Dakota,USA","Golden Valley County","North Dakota","USA",2.1,-103.7914154,47.0077031
"88",2011,"October","Divide County,North Dakota,USA","Divide County","North Dakota","USA",1.4,-103.582951,48.8056154
"89",2011,"October","Stark County,North Dakota,USA","Stark County","North Dakota","USA",1.8,-102.6554727,46.8250004
"90",2011,"October","Dunn County,North Dakota,USA","Dunn County","North Dakota","USA",1.6,-102.72602,47.2121625
"91",2011,"October","Rolette County,North Dakota,USA","Rolette County","North Dakota","USA",7.6,-99.8791166,48.6981517
"92",2011,"October","Burke County,North Dakota,USA","Burke County","North Dakota","USA",1.9,-102.4633691,48.7704377
"93",2011,"October","McIntosh County,North Dakota,USA","McIntosh County","North Dakota","USA",3.1,-99.376592,46.054323
"94",2011,"October","Barnes County,North Dakota,USA","Barnes County","North Dakota","USA",3,-98.1222338,46.926176
"95",2011,"October","Sheridan County,North Dakota,USA","Sheridan County","North Dakota","USA",3.2,-100.2844016,47.5391971
"96",2011,"October","Kidder County,North Dakota,USA","Kidder County","North Dakota","USA",3.5,-99.7506856,46.8766313
"97",2011,"October","Sargent County,North Dakota,USA","Sargent County","North Dakota","USA",2.3,-97.6152418,46.1089195
"98",2011,"October","Richland County,North Dakota,USA","Richland County","North Dakota","USA",2.9,-96.8958656,46.1546779
"99",2011,"October","Lamoure County,North Dakota,USA","Lamoure County","North Dakota","USA",2.2,-98.5457951,46.4284976
"100",2011,"October","Walsh County,North Dakota,USA","Walsh County","North Dakota","USA",3.7,-97.7528872,48.3777874
"101",2011,"October","Wells County,North Dakota,USA","Wells County","North Dakota","USA",3.3,-99.5751845,47.5217126
"102",2011,"October","Oliver County,North Dakota,USA","Oliver County","North Dakota","USA",4.2,-101.342985,47.1217918
"103",2011,"October","Grant County,North Dakota,USA","Grant County","North Dakota","USA",2.5,-101.5535564,46.3951108
"104",2011,"October","Grand Forks County,North Dakota,USA","Grand Forks County","North Dakota","USA",3,-97.3594525,48.0037819
"105",2011,"October","Hettinger County,North Dakota,USA","Hettinger County","North Dakota","USA",2.2,-102.4557007,46.3771987
"106",2011,"October","Pembina County,North Dakota,USA","Pembina County","North Dakota","USA",4.6,-97.4487964,48.7199939
"107",2011,"March","Renville County,North Dakota,USA","Renville County","North Dakota","USA",2.9,-101.6334298,48.8582263
"108",2011,"March","Williams County,North Dakota,USA","Williams County","North Dakota","USA",1.6,-103.2923954,48.432044
"109",2011,"March","Stutsman County,North Dakota,USA","Stutsman County","North Dakota","USA",4.8,-98.9909139,46.939184
"110",2011,"March","Eddy County,North Dakota,USA","Eddy County","North Dakota","USA",7,-98.8871816,47.6963964
"111",2011,"March","Slope County,North Dakota,USA","Slope County","North Dakota","USA",2.1,-103.5021012,46.4129398
"112",2011,"March","Emmons County,North Dakota,USA","Emmons County","North Dakota","USA",8.2,-100.2953039,46.2061318
"113",2011,"March","Traill County,North Dakota,USA","Traill County","North Dakota","USA",3.9,-97.1256368,47.4636775
"114",2011,"March","Griggs County,North Dakota,USA","Griggs County","North Dakota","USA",4,-98.2554295,47.3876664
"115",2011,"March","Morton County,North Dakota,USA","Morton County","North Dakota","USA",4.9,-101.1621736,46.6683872
"116",2011,"March","Towner County,North Dakota,USA","Towner County","North Dakota","USA",3.1,-99.2761104,48.7485974
"117",2011,"March","Dickey County,North Dakota,USA","Dickey County","North Dakota","USA",3.4,-98.4554399,46.1265285
"118",2011,"March","Ramsey County,North Dakota,USA","Ramsey County","North Dakota","USA",4.7,-98.7287191,48.3076017
"119",2011,"March","Adams County,North Dakota,USA","Adams County","North Dakota","USA",3.2,-102.5179098,46.0594591
"120",2011,"March","Bowman County,North Dakota,USA","Bowman County","North Dakota","USA",2.6,-103.556038,46.0945462
"121",2011,"March","Sioux County,North Dakota,USA","Sioux County","North Dakota","USA",5.7,-101.1175392,46.0512004
"122",2011,"March","Ward County,North Dakota,USA","Ward County","North Dakota","USA",3.8,-101.5805256,48.2147451
"123",2011,"March","McLean County,North Dakota,USA","McLean County","North Dakota","USA",6.1,-101.131122,47.6185079
"124",2011,"March","Burleigh County,North Dakota,USA","Burleigh County","North Dakota","USA",4,-100.5049676,47.0448552
"125",2011,"March","Steele County,North Dakota,USA","Steele County","North Dakota","USA",2.8,-97.688456,47.4272265
"126",2011,"March","Cavalier County,North Dakota,USA","Cavalier County","North Dakota","USA",3.7,-98.4781106,48.8103752
"127",2011,"March","Mountrail County,North Dakota,USA","Mountrail County","North Dakota","USA",2.7,-102.326433,48.2169859
"128",2011,"March","Bottineau County,North Dakota,USA","Bottineau County","North Dakota","USA",4.5,-100.7486336,48.7820733
"129",2011,"March","Ransom County,North Dakota,USA","Ransom County","North Dakota","USA",4.7,-97.6257919,46.4937656
"130",2011,"March","Logan County,North Dakota,USA","Logan County","North Dakota","USA",3.9,-99.5270202,46.5056729
"131",2011,"March","Mercer County,North Dakota,USA","Mercer County","North Dakota","USA",6.3,-101.8628783,47.385292
"132",2011,"March","Foster County,North Dakota,USA","Foster County","North Dakota","USA",4.3,-98.874618,47.4991972
"133",2011,"March","McHenry County,North Dakota,USA","McHenry County","North Dakota","USA",6.7,-100.7008406,48.3814671
"134",2011,"March","Cass County,North Dakota,USA","Cass County","North Dakota","USA",3.8,-97.1215579,47.071168
"135",2011,"March","Benson County,North Dakota,USA","Benson County","North Dakota","USA",7.8,-99.4648442,48.088634
"136",2011,"March","Nelson County,North Dakota,USA","Nelson County","North Dakota","USA",5.6,-98.1259898,47.9519514
"137",2011,"March","McKenzie County,North Dakota,USA","McKenzie County","North Dakota","USA",2.2,-103.4122495,47.7714179
"138",2011,"March","Pierce County,North Dakota,USA","Pierce County","North Dakota","USA",6.5,-100.0575335,48.0379438
"139",2011,"March","Billings County,North Dakota,USA","Billings County","North Dakota","USA",5,-103.3906121,47.0560305
"140",2011,"March","Golden Valley County,North Dakota,USA","Golden Valley County","North Dakota","USA",3.4,-103.7914154,47.0077031
"141",2011,"March","Divide County,North Dakota,USA","Divide County","North Dakota","USA",2,-103.582951,48.8056154
"142",2011,"March","Stark County,North Dakota,USA","Stark County","North Dakota","USA",2.6,-102.6554727,46.8250004
"143",2011,"March","Dunn County,North Dakota,USA","Dunn County","North Dakota","USA",2.8,-102.72602,47.2121625
"144",2011,"March","Rolette County,North Dakota,USA","Rolette County","North Dakota","USA",11.9,-99.8791166,48.6981517
"145",2011,"March","Burke County,North Dakota,USA","Burke County","North Dakota","USA",2.8,-102.4633691,48.7704377
"146",2011,"March","McIntosh County,North Dakota,USA","McIntosh County","North Dakota","USA",4.2,-99.376592,46.054323
"147",2011,"March","Barnes County,North Dakota,USA","Barnes County","North Dakota","USA",4.3,-98.1222338,46.926176
"148",2011,"March","Sheridan County,North Dakota,USA","Sheridan County","North Dakota","USA",5.2,-100.2844016,47.5391971
"149",2011,"March","Kidder County,North Dakota,USA","Kidder County","North Dakota","USA",7.1,-99.7506856,46.8766313
"150",2011,"March","Sargent County,North Dakota,USA","Sargent County","North Dakota","USA",3.9,-97.6152418,46.1089195
"151",2011,"March","Richland County,North Dakota,USA","Richland County","North Dakota","USA",4.4,-96.8958656,46.1546779
"152",2011,"March","Lamoure County,North Dakota,USA","Lamoure County","North Dakota","USA",3.6,-98.5457951,46.4284976
"153",2011,"March","Walsh County,North Dakota,USA","Walsh County","North Dakota","USA",5.6,-97.7528872,48.3777874
"154",2011,"March","Wells County,North Dakota,USA","Wells County","North Dakota","USA",5.9,-99.5751845,47.5217126
"155",2011,"March","Oliver County,North Dakota,USA","Oliver County","North Dakota","USA",6.1,-101.342985,47.1217918
"156",2011,"March","Grant County,North Dakota,USA","Grant County","North Dakota","USA",4.5,-101.5535564,46.3951108
"157",2011,"March","Grand Forks County,North Dakota,USA","Grand Forks County","North Dakota","USA",4.2,-97.3594525,48.0037819
"158",2011,"March","Hettinger County,North Dakota,USA","Hettinger County","North Dakota","USA",3.7,-102.4557007,46.3771987
"159",2011,"March","Pembina County,North Dakota,USA","Pembina County","North Dakota","USA",8.1,-97.4487964,48.7199939
"160",2011,"August","Renville County,North Dakota,USA","Renville County","North Dakota","USA",2.9,-101.6334298,48.8582263
"161",2011,"August","Williams County,North Dakota,USA","Williams County","North Dakota","USA",1.3,-103.2923954,48.432044
"162",2011,"August","Stutsman County,North Dakota,USA","Stutsman County","North Dakota","USA",3.5,-98.9909139,46.939184
"163",2011,"August","Eddy County,North Dakota,USA","Eddy County","North Dakota","USA",3.7,-98.8871816,47.6963964
"164",2011,"August","Slope County,North Dakota,USA","Slope County","North Dakota","USA",1.7,-103.5021012,46.4129398
"165",2011,"August","Emmons County,North Dakota,USA","Emmons County","North Dakota","USA",4.7,-100.2953039,46.2061318
"166",2011,"August","Traill County,North Dakota,USA","Traill County","North Dakota","USA",3.9,-97.1256368,47.4636775
"167",2011,"August","Griggs County,North Dakota,USA","Griggs County","North Dakota","USA",2.4,-98.2554295,47.3876664
"168",2011,"August","Morton County,North Dakota,USA","Morton County","North Dakota","USA",3.6,-101.1621736,46.6683872
"169",2011,"August","Towner County,North Dakota,USA","Towner County","North Dakota","USA",2.7,-99.2761104,48.7485974
"170",2011,"August","Dickey County,North Dakota,USA","Dickey County","North Dakota","USA",2.5,-98.4554399,46.1265285
"171",2011,"August","Ramsey County,North Dakota,USA","Ramsey County","North Dakota","USA",3.2,-98.7287191,48.3076017
"172",2011,"August","Adams County,North Dakota,USA","Adams County","North Dakota","USA",2.4,-102.5179098,46.0594591
"173",2011,"August","Bowman County,North Dakota,USA","Bowman County","North Dakota","USA",2,-103.556038,46.0945462
"174",2011,"August","Sioux County,North Dakota,USA","Sioux County","North Dakota","USA",5.9,-101.1175392,46.0512004
"175",2011,"August","Ward County,North Dakota,USA","Ward County","North Dakota","USA",3.2,-101.5805256,48.2147451
"176",2011,"August","McLean County,North Dakota,USA","McLean County","North Dakota","USA",4,-101.131122,47.6185079
"177",2011,"August","Burleigh County,North Dakota,USA","Burleigh County","North Dakota","USA",3,-100.5049676,47.0448552
"178",2011,"August","Steele County,North Dakota,USA","Steele County","North Dakota","USA",2.8,-97.688456,47.4272265
"179",2011,"August","Cavalier County,North Dakota,USA","Cavalier County","North Dakota","USA",2.6,-98.4781106,48.8103752
"180",2011,"August","Mountrail County,North Dakota,USA","Mountrail County","North Dakota","USA",1.9,-102.326433,48.2169859
"181",2011,"August","Bottineau County,North Dakota,USA","Bottineau County","North Dakota","USA",3.8,-100.7486336,48.7820733
"182",2011,"August","Ransom County,North Dakota,USA","Ransom County","North Dakota","USA",2.9,-97.6257919,46.4937656
"183",2011,"August","Logan County,North Dakota,USA","Logan County","North Dakota","USA",2.4,-99.5270202,46.5056729
"184",2011,"August","Mercer County,North Dakota,USA","Mercer County","North Dakota","USA",4.8,-101.8628783,47.385292
"185",2011,"August","Foster County,North Dakota,USA","Foster County","North Dakota","USA",2.6,-98.874618,47.4991972
"186",2011,"August","McHenry County,North Dakota,USA","McHenry County","North Dakota","USA",3.9,-100.7008406,48.3814671
"187",2011,"August","Cass County,North Dakota,USA","Cass County","North Dakota","USA",3.1,-97.1215579,47.071168
"188",2011,"August","Benson County,North Dakota,USA","Benson County","North Dakota","USA",4.9,-99.4648442,48.088634
"189",2011,"August","Nelson County,North Dakota,USA","Nelson County","North Dakota","USA",3.9,-98.1259898,47.9519514
"190",2011,"August","McKenzie County,North Dakota,USA","McKenzie County","North Dakota","USA",1.6,-103.4122495,47.7714179
"191",2011,"August","Pierce County,North Dakota,USA","Pierce County","North Dakota","USA",4.1,-100.0575335,48.0379438
"192",2011,"August","Billings County,North Dakota,USA","Billings County","North Dakota","USA",3.1,-103.3906121,47.0560305
"193",2011,"August","Golden Valley County,North Dakota,USA","Golden Valley County","North Dakota","USA",2.1,-103.7914154,47.0077031
"194",2011,"August","Divide County,North Dakota,USA","Divide County","North Dakota","USA",1.7,-103.582951,48.8056154
"195",2011,"August","Stark County,North Dakota,USA","Stark County","North Dakota","USA",2.1,-102.6554727,46.8250004
"196",2011,"August","Dunn County,North Dakota,USA","Dunn County","North Dakota","USA",1.7,-102.72602,47.2121625
"197",2011,"August","Rolette County,North Dakota,USA","Rolette County","North Dakota","USA",14.2,-99.8791166,48.6981517
"198",2011,"August","Burke County,North Dakota,USA","Burke County","North Dakota","USA",2.1,-102.4633691,48.7704377
"199",2011,"August","McIntosh County,North Dakota,USA","McIntosh County","North Dakota","USA",3.3,-99.376592,46.054323
"200",2011,"August","Barnes County,North Dakota,USA","Barnes County","North Dakota","USA",4.7,-98.1222338,46.926176
"201",2011,"August","Sheridan County,North Dakota,USA","Sheridan County","North Dakota","USA",3.5,-100.2844016,47.5391971
"202",2011,"August","Kidder County,North Dakota,USA","Kidder County","North Dakota","USA",4.4,-99.7506856,46.8766313
"203",2011,"August","Sargent County,North Dakota,USA","Sargent County","North Dakota","USA",2.6,-97.6152418,46.1089195
"204",2011,"August","Richland County,North Dakota,USA","Richland County","North Dakota","USA",3.6,-96.8958656,46.1546779
"205",2011,"August","Lamoure County,North Dakota,USA","Lamoure County","North Dakota","USA",2.7,-98.5457951,46.4284976
"206",2011,"August","Walsh County,North Dakota,USA","Walsh County","North Dakota","USA",5.5,-97.7528872,48.3777874
"207",2011,"August","Wells County,North Dakota,USA","Wells County","North Dakota","USA",3.5,-99.5751845,47.5217126
"208",2011,"August","Oliver County,North Dakota,USA","Oliver County","North Dakota","USA",6,-101.342985,47.1217918
"209",2011,"August","Grant County,North Dakota,USA","Grant County","North Dakota","USA",3,-101.5535564,46.3951108
"210",2011,"August","Grand Forks County,North Dakota,USA","Grand Forks County","North Dakota","USA",3.9,-97.3594525,48.0037819
"211",2011,"August","Hettinger County,North Dakota,USA","Hettinger County","North Dakota","USA",2.6,-102.4557007,46.3771987
"212",2011,"August","Pembina County,North Dakota,USA","Pembina County","North Dakota","USA",8.7,-97.4487964,48.7199939
"213",2011,"May","Renville County,North Dakota,USA","Renville County","North Dakota","USA",2.7,-101.6334298,48.8582263
"214",2011,"May","Williams County,North Dakota,USA","Williams County","North Dakota","USA",1.4,-103.2923954,48.432044
"215",2011,"May","Stutsman County,North Dakota,USA","Stutsman County","North Dakota","USA",3.4,-98.9909139,46.939184
"216",2011,"May","Eddy County,North Dakota,USA","Eddy County","North Dakota","USA",4.7,-98.8871816,47.6963964
"217",2011,"May","Slope County,North Dakota,USA","Slope County","North Dakota","USA",2,-103.5021012,46.4129398
"218",2011,"May","Emmons County,North Dakota,USA","Emmons County","North Dakota","USA",5.2,-100.2953039,46.2061318
"219",2011,"May","Traill County,North Dakota,USA","Traill County","North Dakota","USA",3.5,-97.1256368,47.4636775
"220",2011,"May","Griggs County,North Dakota,USA","Griggs County","North Dakota","USA",2.7,-98.2554295,47.3876664
"221",2011,"May","Morton County,North Dakota,USA","Morton County","North Dakota","USA",3.4,-101.1621736,46.6683872
"222",2011,"May","Towner County,North Dakota,USA","Towner County","North Dakota","USA",2.2,-99.2761104,48.7485974
"223",2011,"May","Dickey County,North Dakota,USA","Dickey County","North Dakota","USA",2.6,-98.4554399,46.1265285
"224",2011,"May","Ramsey County,North Dakota,USA","Ramsey County","North Dakota","USA",3.7,-98.7287191,48.3076017
"225",2011,"May","Adams County,North Dakota,USA","Adams County","North Dakota","USA",2.5,-102.5179098,46.0594591
"226",2011,"May","Bowman County,North Dakota,USA","Bowman County","North Dakota","USA",2,-103.556038,46.0945462
"227",2011,"May","Sioux County,North Dakota,USA","Sioux County","North Dakota","USA",4.7,-101.1175392,46.0512004
"228",2011,"May","Ward County,North Dakota,USA","Ward County","North Dakota","USA",2.9,-101.5805256,48.2147451
"229",2011,"May","McLean County,North Dakota,USA","McLean County","North Dakota","USA",3.9,-101.131122,47.6185079
"230",2011,"May","Burleigh County,North Dakota,USA","Burleigh County","North Dakota","USA",2.9,-100.5049676,47.0448552
"231",2011,"May","Steele County,North Dakota,USA","Steele County","North Dakota","USA",2.3,-97.688456,47.4272265
"232",2011,"May","Cavalier County,North Dakota,USA","Cavalier County","North Dakota","USA",2.7,-98.4781106,48.8103752
"233",2011,"May","Mountrail County,North Dakota,USA","Mountrail County","North Dakota","USA",2.2,-102.326433,48.2169859
"234",2011,"May","Bottineau County,North Dakota,USA","Bottineau County","North Dakota","USA",3.5,-100.7486336,48.7820733
"235",2011,"May","Ransom County,North Dakota,USA","Ransom County","North Dakota","USA",3.1,-97.6257919,46.4937656
"236",2011,"May","Logan County,North Dakota,USA","Logan County","North Dakota","USA",2.8,-99.5270202,46.5056729
"237",2011,"May","Mercer County,North Dakota,USA","Mercer County","North Dakota","USA",4,-101.8628783,47.385292
"238",2011,"May","Foster County,North Dakota,USA","Foster County","North Dakota","USA",2.8,-98.874618,47.4991972
"239",2011,"May","McHenry County,North Dakota,USA","McHenry County","North Dakota","USA",3.7,-100.7008406,48.3814671
"240",2011,"May","Cass County,North Dakota,USA","Cass County","North Dakota","USA",3,-97.1215579,47.071168
"241",2011,"May","Benson County,North Dakota,USA","Benson County","North Dakota","USA",5.5,-99.4648442,48.088634
"242",2011,"May","Nelson County,North Dakota,USA","Nelson County","North Dakota","USA",4.1,-98.1259898,47.9519514
"243",2011,"May","McKenzie County,North Dakota,USA","McKenzie County","North Dakota","USA",1.8,-103.4122495,47.7714179
"244",2011,"May","Pierce County,North Dakota,USA","Pierce County","North Dakota","USA",4.2,-100.0575335,48.0379438
"245",2011,"May","Billings County,North Dakota,USA","Billings County","North Dakota","USA",3.2,-103.3906121,47.0560305
"246",2011,"May","Golden Valley County,North Dakota,USA","Golden Valley County","North Dakota","USA",2.7,-103.7914154,47.0077031
"247",2011,"May","Divide County,North Dakota,USA","Divide County","North Dakota","USA",1.6,-103.582951,48.8056154
"248",2011,"May","Stark County,North Dakota,USA","Stark County","North Dakota","USA",2.1,-102.6554727,46.8250004
"249",2011,"May","Dunn County,North Dakota,USA","Dunn County","North Dakota","USA",2,-102.72602,47.2121625
"250",2011,"May","Rolette County,North Dakota,USA","Rolette County","North Dakota","USA",9.3,-99.8791166,48.6981517
"251",2011,"May","Burke County,North Dakota,USA","Burke County","North Dakota","USA",2.3,-102.4633691,48.7704377
"252",2011,"May","McIntosh County,North Dakota,USA","McIntosh County","North Dakota","USA",3.5,-99.376592,46.054323
"253",2011,"May","Barnes County,North Dakota,USA","Barnes County","North Dakota","USA",3.4,-98.1222338,46.926176
"254",2011,"May","Sheridan County,North Dakota,USA","Sheridan County","North Dakota","USA",3.2,-100.2844016,47.5391971
"255",2011,"May","Kidder County,North Dakota,USA","Kidder County","North Dakota","USA",4.2,-99.7506856,46.8766313
"256",2011,"May","Sargent County,North Dakota,USA","Sargent County","North Dakota","USA",2.8,-97.6152418,46.1089195
"257",2011,"May","Richland County,North Dakota,USA","Richland County","North Dakota","USA",3.3,-96.8958656,46.1546779
"258",2011,"May","Lamoure County,North Dakota,USA","Lamoure County","North Dakota","USA",2.7,-98.5457951,46.4284976
"259",2011,"May","Walsh County,North Dakota,USA","Walsh County","North Dakota","USA",4.5,-97.7528872,48.3777874
"260",2011,"May","Wells County,North Dakota,USA","Wells County","North Dakota","USA",3.9,-99.5751845,47.5217126
"261",2011,"May","Oliver County,North Dakota,USA","Oliver County","North Dakota","USA",4.8,-101.342985,47.1217918
"262",2011,"May","Grant County,North Dakota,USA","Grant County","North Dakota","USA",3.4,-101.5535564,46.3951108
"263",2011,"May","Grand Forks County,North Dakota,USA","Grand Forks County","North Dakota","USA",3.3,-97.3594525,48.0037819
"264",2011,"May","Hettinger County,North Dakota,USA","Hettinger County","North Dakota","USA",2.5,-102.4557007,46.3771987
"265",2011,"May","Pembina County,North Dakota,USA","Pembina County","North Dakota","USA",6,-97.4487964,48.7199939
"266",2011,"January","Renville County,North Dakota,USA","Renville County","North Dakota","USA",3.2,-101.6334298,48.8582263
"267",2011,"January","Williams County,North Dakota,USA","Williams County","North Dakota","USA",1.8,-103.2923954,48.432044
"268",2011,"January","Stutsman County,North Dakota,USA","Stutsman County","North Dakota","USA",4.9,-98.9909139,46.939184
"269",2011,"January","Eddy County,North Dakota,USA","Eddy County","North Dakota","USA",7.3,-98.8871816,47.6963964
"270",2011,"January","Slope County,North Dakota,USA","Slope County","North Dakota","USA",2.2,-103.5021012,46.4129398
"271",2011,"January","Emmons County,North Dakota,USA","Emmons County","North Dakota","USA",9.3,-100.2953039,46.2061318
"272",2011,"January","Traill County,North Dakota,USA","Traill County","North Dakota","USA",4.2,-97.1256368,47.4636775
"273",2011,"January","Griggs County,North Dakota,USA","Griggs County","North Dakota","USA",3.9,-98.2554295,47.3876664
"274",2011,"January","Morton County,North Dakota,USA","Morton County","North Dakota","USA",5.6,-101.1621736,46.6683872
"275",2011,"January","Towner County,North Dakota,USA","Towner County","North Dakota","USA",4.7,-99.2761104,48.7485974
"276",2011,"January","Dickey County,North Dakota,USA","Dickey County","North Dakota","USA",3.5,-98.4554399,46.1265285
"277",2011,"January","Ramsey County,North Dakota,USA","Ramsey County","North Dakota","USA",4.7,-98.7287191,48.3076017
"278",2011,"January","Adams County,North Dakota,USA","Adams County","North Dakota","USA",3.3,-102.5179098,46.0594591
"279",2011,"January","Bowman County,North Dakota,USA","Bowman County","North Dakota","USA",2.7,-103.556038,46.0945462
"280",2011,"January","Sioux County,North Dakota,USA","Sioux County","North Dakota","USA",5.7,-101.1175392,46.0512004
"281",2011,"January","Ward County,North Dakota,USA","Ward County","North Dakota","USA",3.9,-101.5805256,48.2147451
"282",2011,"January","McLean County,North Dakota,USA","McLean County","North Dakota","USA",6.5,-101.131122,47.6185079
"283",2011,"January","Burleigh County,North Dakota,USA","Burleigh County","North Dakota","USA",4.3,-100.5049676,47.0448552
"284",2011,"January","Steele County,North Dakota,USA","Steele County","North Dakota","USA",2.6,-97.688456,47.4272265
"285",2011,"January","Cavalier County,North Dakota,USA","Cavalier County","North Dakota","USA",3.9,-98.4781106,48.8103752
"286",2011,"January","Mountrail County,North Dakota,USA","Mountrail County","North Dakota","USA",2.6,-102.326433,48.2169859
"287",2011,"January","Bottineau County,North Dakota,USA","Bottineau County","North Dakota","USA",4.7,-100.7486336,48.7820733
"288",2011,"January","Ransom County,North Dakota,USA","Ransom County","North Dakota","USA",5.1,-97.6257919,46.4937656
"289",2011,"January","Logan County,North Dakota,USA","Logan County","North Dakota","USA",4.1,-99.5270202,46.5056729
"290",2011,"January","Mercer County,North Dakota,USA","Mercer County","North Dakota","USA",7.6,-101.8628783,47.385292
"291",2011,"January","Foster County,North Dakota,USA","Foster County","North Dakota","USA",4.7,-98.874618,47.4991972
"292",2011,"January","McHenry County,North Dakota,USA","McHenry County","North Dakota","USA",7.2,-100.7008406,48.3814671
"293",2011,"January","Cass County,North Dakota,USA","Cass County","North Dakota","USA",4,-97.1215579,47.071168
"294",2011,"January","Benson County,North Dakota,USA","Benson County","North Dakota","USA",8.5,-99.4648442,48.088634
"295",2011,"January","Nelson County,North Dakota,USA","Nelson County","North Dakota","USA",5.4,-98.1259898,47.9519514
"296",2011,"January","McKenzie County,North Dakota,USA","McKenzie County","North Dakota","USA",2.3,-103.4122495,47.7714179
"297",2011,"January","Pierce County,North Dakota,USA","Pierce County","North Dakota","USA",6.8,-100.0575335,48.0379438
"298",2011,"January","Billings County,North Dakota,USA","Billings County","North Dakota","USA",5.1,-103.3906121,47.0560305
"299",2011,"January","Golden Valley County,North Dakota,USA","Golden Valley County","North Dakota","USA",2.6,-103.7914154,47.0077031
"300",2011,"January","Divide County,North Dakota,USA","Divide County","North Dakota","USA",2.3,-103.582951,48.8056154
"301",2011,"January","Stark County,North Dakota,USA","Stark County","North Dakota","USA",2.7,-102.6554727,46.8250004
"302",2011,"January","Dunn County,North Dakota,USA","Dunn County","North Dakota","USA",3.3,-102.72602,47.2121625
"303",2011,"January","Rolette County,North Dakota,USA","Rolette County","North Dakota","USA",12.1,-99.8791166,48.6981517
"304",2011,"January","Burke County,North Dakota,USA","Burke County","North Dakota","USA",2.7,-102.4633691,48.7704377
"305",2011,"January","McIntosh County,North Dakota,USA","McIntosh County","North Dakota","USA",4.9,-99.376592,46.054323
"306",2011,"January","Barnes County,North Dakota,USA","Barnes County","North Dakota","USA",4.8,-98.1222338,46.926176
"307",2011,"January","Sheridan County,North Dakota,USA","Sheridan County","North Dakota","USA",5.7,-100.2844016,47.5391971
"308",2011,"January","Kidder County,North Dakota,USA","Kidder County","North Dakota","USA",7.3,-99.7506856,46.8766313
"309",2011,"January","Sargent County,North Dakota,USA","Sargent County","North Dakota","USA",4.1,-97.6152418,46.1089195
"310",2011,"January","Richland County,North Dakota,USA","Richland County","North Dakota","USA",4.7,-96.8958656,46.1546779
"311",2011,"January","Lamoure County,North Dakota,USA","Lamoure County","North Dakota","USA",3.8,-98.5457951,46.4284976
"312",2011,"January","Walsh County,North Dakota,USA","Walsh County","North Dakota","USA",6.1,-97.7528872,48.3777874
"313",2011,"January","Wells County,North Dakota,USA","Wells County","North Dakota","USA",6.3,-99.5751845,47.5217126
"314",2011,"January","Oliver County,North Dakota,USA","Oliver County","North Dakota","USA",7.4,-101.342985,47.1217918
"315",2011,"January","Grant County,North Dakota,USA","Grant County","North Dakota","USA",4.9,-101.5535564,46.3951108
"316",2011,"January","Grand Forks County,North Dakota,USA","Grand Forks County","North Dakota","USA",3.9,-97.3594525,48.0037819
"317",2011,"January","Hettinger County,North Dakota,USA","Hettinger County","North Dakota","USA",3.3,-102.4557007,46.3771987
"318",2011,"January","Pembina County,North Dakota,USA","Pembina County","North Dakota","USA",8.7,-97.4487964,48.7199939
"319",2011,"June","Renville County,North Dakota,USA","Renville County","North Dakota","USA",3,-101.6334298,48.8582263
"320",2011,"June","Williams County,North Dakota,USA","Williams County","North Dakota","USA",1.8,-103.2923954,48.432044
"321",2011,"June","Stutsman County,North Dakota,USA","Stutsman County","North Dakota","USA",4,-98.9909139,46.939184
"322",2011,"June","Eddy County,North Dakota,USA","Eddy County","North Dakota","USA",4.7,-98.8871816,47.6963964
"323",2011,"June","Slope County,North Dakota,USA","Slope County","North Dakota","USA",2.4,-103.5021012,46.4129398
"324",2011,"June","Emmons County,North Dakota,USA","Emmons County","North Dakota","USA",5.6,-100.2953039,46.2061318
"325",2011,"June","Traill County,North Dakota,USA","Traill County","North Dakota","USA",4.4,-97.1256368,47.4636775
"326",2011,"June","Griggs County,North Dakota,USA","Griggs County","North Dakota","USA",2.9,-98.2554295,47.3876664
"327",2011,"June","Morton County,North Dakota,USA","Morton County","North Dakota","USA",4.2,-101.1621736,46.6683872
"328",2011,"June","Towner County,North Dakota,USA","Towner County","North Dakota","USA",2.9,-99.2761104,48.7485974
"329",2011,"June","Dickey County,North Dakota,USA","Dickey County","North Dakota","USA",3.1,-98.4554399,46.1265285
"330",2011,"June","Ramsey County,North Dakota,USA","Ramsey County","North Dakota","USA",4,-98.7287191,48.3076017
"331",2011,"June","Adams County,North Dakota,USA","Adams County","North Dakota","USA",2.9,-102.5179098,46.0594591
"332",2011,"June","Bowman County,North Dakota,USA","Bowman County","North Dakota","USA",2.4,-103.556038,46.0945462
"333",2011,"June","Sioux County,North Dakota,USA","Sioux County","North Dakota","USA",7.3,-101.1175392,46.0512004
"334",2011,"June","Ward County,North Dakota,USA","Ward County","North Dakota","USA",3.4,-101.5805256,48.2147451
"335",2011,"June","McLean County,North Dakota,USA","McLean County","North Dakota","USA",4.6,-101.131122,47.6185079
"336",2011,"June","Burleigh County,North Dakota,USA","Burleigh County","North Dakota","USA",3.5,-100.5049676,47.0448552
"337",2011,"June","Steele County,North Dakota,USA","Steele County","North Dakota","USA",2.9,-97.688456,47.4272265
"338",2011,"June","Cavalier County,North Dakota,USA","Cavalier County","North Dakota","USA",3.2,-98.4781106,48.8103752
"339",2011,"June","Mountrail County,North Dakota,USA","Mountrail County","North Dakota","USA",2.6,-102.326433,48.2169859
"340",2011,"June","Bottineau County,North Dakota,USA","Bottineau County","North Dakota","USA",3.9,-100.7486336,48.7820733
"341",2011,"June","Ransom County,North Dakota,USA","Ransom County","North Dakota","USA",3.7,-97.6257919,46.4937656
"342",2011,"June","Logan County,North Dakota,USA","Logan County","North Dakota","USA",3.1,-99.5270202,46.5056729
"343",2011,"June","Mercer County,North Dakota,USA","Mercer County","North Dakota","USA",6.1,-101.8628783,47.385292
"344",2011,"June","Foster County,North Dakota,USA","Foster County","North Dakota","USA",3.2,-98.874618,47.4991972
"345",2011,"June","McHenry County,North Dakota,USA","McHenry County","North Dakota","USA",4.1,-100.7008406,48.3814671
"346",2011,"June","Cass County,North Dakota,USA","Cass County","North Dakota","USA",3.5,-97.1215579,47.071168
"347",2011,"June","Benson County,North Dakota,USA","Benson County","North Dakota","USA",6,-99.4648442,48.088634
"348",2011,"June","Nelson County,North Dakota,USA","Nelson County","North Dakota","USA",4.2,-98.1259898,47.9519514
"349",2011,"June","McKenzie County,North Dakota,USA","McKenzie County","North Dakota","USA",2.3,-103.4122495,47.7714179
"350",2011,"June","Pierce County,North Dakota,USA","Pierce County","North Dakota","USA",4.6,-100.0575335,48.0379438
"351",2011,"June","Billings County,North Dakota,USA","Billings County","North Dakota","USA",3.6,-103.3906121,47.0560305
"352",2011,"June","Golden Valley County,North Dakota,USA","Golden Valley County","North Dakota","USA",2.7,-103.7914154,47.0077031
"353",2011,"June","Divide County,North Dakota,USA","Divide County","North Dakota","USA",2,-103.582951,48.8056154
"354",2011,"June","Stark County,North Dakota,USA","Stark County","North Dakota","USA",2.5,-102.6554727,46.8250004
"355",2011,"June","Dunn County,North Dakota,USA","Dunn County","North Dakota","USA",2.4,-102.72602,47.2121625
"356",2011,"June","Rolette County,North Dakota,USA","Rolette County","North Dakota","USA",13.1,-99.8791166,48.6981517
"357",2011,"June","Burke County,North Dakota,USA","Burke County","North Dakota","USA",2.5,-102.4633691,48.7704377
"358",2011,"June","McIntosh County,North Dakota,USA","McIntosh County","North Dakota","USA",4,-99.376592,46.054323
"359",2011,"June","Barnes County,North Dakota,USA","Barnes County","North Dakota","USA",4.2,-98.1222338,46.926176
"360",2011,"June","Sheridan County,North Dakota,USA","Sheridan County","North Dakota","USA",3.7,-100.2844016,47.5391971
"361",2011,"June","Kidder County,North Dakota,USA","Kidder County","North Dakota","USA",5,-99.7506856,46.8766313
"362",2011,"June","Sargent County,North Dakota,USA","Sargent County","North Dakota","USA",3.2,-97.6152418,46.1089195
"363",2011,"June","Richland County,North Dakota,USA","Richland County","North Dakota","USA",4.1,-96.8958656,46.1546779
"364",2011,"June","Lamoure County,North Dakota,USA","Lamoure County","North Dakota","USA",3.3,-98.5457951,46.4284976
"365",2011,"June","Walsh County,North Dakota,USA","Walsh County","North Dakota","USA",5.3,-97.7528872,48.3777874
"366",2011,"June","Wells County,North Dakota,USA","Wells County","North Dakota","USA",4,-99.5751845,47.5217126
"367",2011,"June","Oliver County,North Dakota,USA","Oliver County","North Dakota","USA",7,-101.342985,47.1217918
"368",2011,"June","Grant County,North Dakota,USA","Grant County","North Dakota","USA",3.8,-101.5535564,46.3951108
"369",2011,"June","Grand Forks County,North Dakota,USA","Grand Forks County","North Dakota","USA",4.1,-97.3594525,48.0037819
"370",2011,"June","Hettinger County,North Dakota,USA","Hettinger County","North Dakota","USA",3.2,-102.4557007,46.3771987
"371",2011,"June","Pembina County,North Dakota,USA","Pembina County","North Dakota","USA",6.9,-97.4487964,48.7199939
"372",2011,"September","Renville County,North Dakota,USA","Renville County","North Dakota","USA",2.7,-101.6334298,48.8582263
"373",2011,"September","Williams County,North Dakota,USA","Williams County","North Dakota","USA",1.3,-103.2923954,48.432044
"374",2011,"September","Stutsman County,North Dakota,USA","Stutsman County","North Dakota","USA",3.1,-98.9909139,46.939184
"375",2011,"September","Eddy County,North Dakota,USA","Eddy County","North Dakota","USA",3.5,-98.8871816,47.6963964
"376",2011,"September","Slope County,North Dakota,USA","Slope County","North Dakota","USA",2,-103.5021012,46.4129398
"377",2011,"September","Emmons County,North Dakota,USA","Emmons County","North Dakota","USA",4.2,-100.2953039,46.2061318
"378",2011,"September","Traill County,North Dakota,USA","Traill County","North Dakota","USA",2.9,-97.1256368,47.4636775
"379",2011,"September","Griggs County,North Dakota,USA","Griggs County","North Dakota","USA",2.4,-98.2554295,47.3876664
"380",2011,"September","Morton County,North Dakota,USA","Morton County","North Dakota","USA",3.1,-101.1621736,46.6683872
"381",2011,"September","Towner County,North Dakota,USA","Towner County","North Dakota","USA",2.6,-99.2761104,48.7485974
"382",2011,"September","Dickey County,North Dakota,USA","Dickey County","North Dakota","USA",2.6,-98.4554399,46.1265285
"383",2011,"September","Ramsey County,North Dakota,USA","Ramsey County","North Dakota","USA",3,-98.7287191,48.3076017
"384",2011,"September","Adams County,North Dakota,USA","Adams County","North Dakota","USA",2.5,-102.5179098,46.0594591
"385",2011,"September","Bowman County,North Dakota,USA","Bowman County","North Dakota","USA",1.8,-103.556038,46.0945462
"386",2011,"September","Sioux County,North Dakota,USA","Sioux County","North Dakota","USA",4.5,-101.1175392,46.0512004
"387",2011,"September","Ward County,North Dakota,USA","Ward County","North Dakota","USA",2.8,-101.5805256,48.2147451
"388",2011,"September","McLean County,North Dakota,USA","McLean County","North Dakota","USA",3.5,-101.131122,47.6185079
"389",2011,"September","Burleigh County,North Dakota,USA","Burleigh County","North Dakota","USA",2.6,-100.5049676,47.0448552
"390",2011,"September","Steele County,North Dakota,USA","Steele County","North Dakota","USA",2.4,-97.688456,47.4272265
"391",2011,"September","Cavalier County,North Dakota,USA","Cavalier County","North Dakota","USA",2.2,-98.4781106,48.8103752
"392",2011,"September","Mountrail County,North Dakota,USA","Mountrail County","North Dakota","USA",1.8,-102.326433,48.2169859
"393",2011,"September","Bottineau County,North Dakota,USA","Bottineau County","North Dakota","USA",3.2,-100.7486336,48.7820733
"394",2011,"September","Ransom County,North Dakota,USA","Ransom County","North Dakota","USA",2.8,-97.6257919,46.4937656
"395",2011,"September","Logan County,North Dakota,USA","Logan County","North Dakota","USA",2.4,-99.5270202,46.5056729
"396",2011,"September","Mercer County,North Dakota,USA","Mercer County","North Dakota","USA",3.9,-101.8628783,47.385292
"397",2011,"September","Foster County,North Dakota,USA","Foster County","North Dakota","USA",2.6,-98.874618,47.4991972
"398",2011,"September","McHenry County,North Dakota,USA","McHenry County","North Dakota","USA",3.4,-100.7008406,48.3814671
"399",2011,"September","Cass County,North Dakota,USA","Cass County","North Dakota","USA",2.8,-97.1215579,47.071168
"400",2011,"September","Benson County,North Dakota,USA","Benson County","North Dakota","USA",4.2,-99.4648442,48.088634
"401",2011,"September","Nelson County,North Dakota,USA","Nelson County","North Dakota","USA",3.4,-98.1259898,47.9519514
"402",2011,"September","McKenzie County,North Dakota,USA","McKenzie County","North Dakota","USA",1.5,-103.4122495,47.7714179
"403",2011,"September","Pierce County,North Dakota,USA","Pierce County","North Dakota","USA",3.9,-100.0575335,48.0379438
"404",2011,"September","Billings County,North Dakota,USA","Billings County","North Dakota","USA",2.7,-103.3906121,47.0560305
"405",2011,"September","Golden Valley County,North Dakota,USA","Golden Valley County","North Dakota","USA",2,-103.7914154,47.0077031
"406",2011,"September","Divide County,North Dakota,USA","Divide County","North Dakota","USA",1.6,-103.582951,48.8056154
"407",2011,"September","Stark County,North Dakota,USA","Stark County","North Dakota","USA",1.9,-102.6554727,46.8250004
"408",2011,"September","Dunn County,North Dakota,USA","Dunn County","North Dakota","USA",1.6,-102.72602,47.2121625
"409",2011,"September","Rolette County,North Dakota,USA","Rolette County","North Dakota","USA",7.7,-99.8791166,48.6981517
"410",2011,"September","Burke County,North Dakota,USA","Burke County","North Dakota","USA",2.2,-102.4633691,48.7704377
"411",2011,"September","McIntosh County,North Dakota,USA","McIntosh County","North Dakota","USA",3.2,-99.376592,46.054323
"412",2011,"September","Barnes County,North Dakota,USA","Barnes County","North Dakota","USA",3.2,-98.1222338,46.926176
"413",2011,"September","Sheridan County,North Dakota,USA","Sheridan County","North Dakota","USA",3.4,-100.2844016,47.5391971
"414",2011,"September","Kidder County,North Dakota,USA","Kidder County","North Dakota","USA",3.8,-99.7506856,46.8766313
"415",2011,"September","Sargent County,North Dakota,USA","Sargent County","North Dakota","USA",2.6,-97.6152418,46.1089195
"416",2011,"September","Richland County,North Dakota,USA","Richland County","North Dakota","USA",3.3,-96.8958656,46.1546779
"417",2011,"September","Lamoure County,North Dakota,USA","Lamoure County","North Dakota","USA",2.5,-98.5457951,46.4284976
"418",2011,"September","Walsh County,North Dakota,USA","Walsh County","North Dakota","USA",4.1,-97.7528872,48.3777874
"419",2011,"September","Wells County,North Dakota,USA","Wells County","North Dakota","USA",3.4,-99.5751845,47.5217126
"420",2011,"September","Oliver County,North Dakota,USA","Oliver County","North Dakota","USA",4.5,-101.342985,47.1217918
"421",2011,"September","Grant County,North Dakota,USA","Grant County","North Dakota","USA",2.7,-101.5535564,46.3951108
"422",2011,"September","Grand Forks County,North Dakota,USA","Grand Forks County","North Dakota","USA",3.3,-97.3594525,48.0037819
"423",2011,"September","Hettinger County,North Dakota,USA","Hettinger County","North Dakota","USA",2.2,-102.4557007,46.3771987
"424",2011,"September","Pembina County,North Dakota,USA","Pembina County","North Dakota","USA",5.1,-97.4487964,48.7199939
"425",2011,"April","Renville County,North Dakota,USA","Renville County","North Dakota","USA",2.7,-101.6334298,48.8582263
"426",2011,"April","Williams County,North Dakota,USA","Williams County","North Dakota","USA",1.3,-103.2923954,48.432044
"427",2011,"April","Stutsman County,North Dakota,USA","Stutsman County","North Dakota","USA",3.9,-98.9909139,46.939184
"428",2011,"April","Eddy County,North Dakota,USA","Eddy County","North Dakota","USA",6.3,-98.8871816,47.6963964
"429",2011,"April","Slope County,North Dakota,USA","Slope County","North Dakota","USA",1.9,-103.5021012,46.4129398
"430",2011,"April","Emmons County,North Dakota,USA","Emmons County","North Dakota","USA",7,-100.2953039,46.2061318
"431",2011,"April","Traill County,North Dakota,USA","Traill County","North Dakota","USA",3.8,-97.1256368,47.4636775
"432",2011,"April","Griggs County,North Dakota,USA","Griggs County","North Dakota","USA",3.4,-98.2554295,47.3876664
"433",2011,"April","Morton County,North Dakota,USA","Morton County","North Dakota","USA",4,-101.1621736,46.6683872
"434",2011,"April","Towner County,North Dakota,USA","Towner County","North Dakota","USA",3.2,-99.2761104,48.7485974
"435",2011,"April","Dickey County,North Dakota,USA","Dickey County","North Dakota","USA",2.8,-98.4554399,46.1265285
"436",2011,"April","Ramsey County,North Dakota,USA","Ramsey County","North Dakota","USA",4.3,-98.7287191,48.3076017
"437",2011,"April","Adams County,North Dakota,USA","Adams County","North Dakota","USA",2.3,-102.5179098,46.0594591
"438",2011,"April","Bowman County,North Dakota,USA","Bowman County","North Dakota","USA",2,-103.556038,46.0945462
"439",2011,"April","Sioux County,North Dakota,USA","Sioux County","North Dakota","USA",4.9,-101.1175392,46.0512004
"440",2011,"April","Ward County,North Dakota,USA","Ward County","North Dakota","USA",3,-101.5805256,48.2147451
"441",2011,"April","McLean County,North Dakota,USA","McLean County","North Dakota","USA",5,-101.131122,47.6185079
"442",2011,"April","Burleigh County,North Dakota,USA","Burleigh County","North Dakota","USA",3.2,-100.5049676,47.0448552
"443",2011,"April","Steele County,North Dakota,USA","Steele County","North Dakota","USA",2.5,-97.688456,47.4272265
"444",2011,"April","Cavalier County,North Dakota,USA","Cavalier County","North Dakota","USA",3.5,-98.4781106,48.8103752
"445",2011,"April","Mountrail County,North Dakota,USA","Mountrail County","North Dakota","USA",2.4,-102.326433,48.2169859
"446",2011,"April","Bottineau County,North Dakota,USA","Bottineau County","North Dakota","USA",4.1,-100.7486336,48.7820733
"447",2011,"April","Ransom County,North Dakota,USA","Ransom County","North Dakota","USA",3.6,-97.6257919,46.4937656
"448",2011,"April","Logan County,North Dakota,USA","Logan County","North Dakota","USA",3.2,-99.5270202,46.5056729
"449",2011,"April","Mercer County,North Dakota,USA","Mercer County","North Dakota","USA",4.8,-101.8628783,47.385292
"450",2011,"April","Foster County,North Dakota,USA","Foster County","North Dakota","USA",3.4,-98.874618,47.4991972
"451",2011,"April","McHenry County,North Dakota,USA","McHenry County","North Dakota","USA",5.1,-100.7008406,48.3814671
"452",2011,"April","Cass County,North Dakota,USA","Cass County","North Dakota","USA",3.4,-97.1215579,47.071168
"453",2011,"April","Benson County,North Dakota,USA","Benson County","North Dakota","USA",7.5,-99.4648442,48.088634
"454",2011,"April","Nelson County,North Dakota,USA","Nelson County","North Dakota","USA",5.1,-98.1259898,47.9519514
"455",2011,"April","McKenzie County,North Dakota,USA","McKenzie County","North Dakota","USA",1.8,-103.4122495,47.7714179
"456",2011,"April","Pierce County,North Dakota,USA","Pierce County","North Dakota","USA",5.3,-100.0575335,48.0379438
"457",2011,"April","Billings County,North Dakota,USA","Billings County","North Dakota","USA",3.1,-103.3906121,47.0560305
"458",2011,"April","Golden Valley County,North Dakota,USA","Golden Valley County","North Dakota","USA",2.8,-103.7914154,47.0077031
"459",2011,"April","Divide County,North Dakota,USA","Divide County","North Dakota","USA",1.7,-103.582951,48.8056154
"460",2011,"April","Stark County,North Dakota,USA","Stark County","North Dakota","USA",2.1,-102.6554727,46.8250004
"461",2011,"April","Dunn County,North Dakota,USA","Dunn County","North Dakota","USA",2.2,-102.72602,47.2121625
"462",2011,"April","Rolette County,North Dakota,USA","Rolette County","North Dakota","USA",11.3,-99.8791166,48.6981517
"463",2011,"April","Burke County,North Dakota,USA","Burke County","North Dakota","USA",2.4,-102.4633691,48.7704377
"464",2011,"April","McIntosh County,North Dakota,USA","McIntosh County","North Dakota","USA",4.1,-99.376592,46.054323
"465",2011,"April","Barnes County,North Dakota,USA","Barnes County","North Dakota","USA",3.8,-98.1222338,46.926176
"466",2011,"April","Sheridan County,North Dakota,USA","Sheridan County","North Dakota","USA",4,-100.2844016,47.5391971
"467",2011,"April","Kidder County,North Dakota,USA","Kidder County","North Dakota","USA",6.4,-99.7506856,46.8766313
"468",2011,"April","Sargent County,North Dakota,USA","Sargent County","North Dakota","USA",3.1,-97.6152418,46.1089195
"469",2011,"April","Richland County,North Dakota,USA","Richland County","North Dakota","USA",3.8,-96.8958656,46.1546779
"470",2011,"April","Lamoure County,North Dakota,USA","Lamoure County","North Dakota","USA",3.2,-98.5457951,46.4284976
"471",2011,"April","Walsh County,North Dakota,USA","Walsh County","North Dakota","USA",5.1,-97.7528872,48.3777874
"472",2011,"April","Wells County,North Dakota,USA","Wells County","North Dakota","USA",5.2,-99.5751845,47.5217126
"473",2011,"April","Oliver County,North Dakota,USA","Oliver County","North Dakota","USA",6.5,-101.342985,47.1217918
"474",2011,"April","Grant County,North Dakota,USA","Grant County","North Dakota","USA",3.9,-101.5535564,46.3951108
"475",2011,"April","Grand Forks County,North Dakota,USA","Grand Forks County","North Dakota","USA",3.6,-97.3594525,48.0037819
"476",2011,"April","Hettinger County,North Dakota,USA","Hettinger County","North Dakota","USA",3.3,-102.4557007,46.3771987
"477",2011,"April","Pembina County,North Dakota,USA","Pembina County","North Dakota","USA",7.4,-97.4487964,48.7199939
"478",2011,"December","Renville County,North Dakota,USA","Renville County","North Dakota","USA",2.7,-101.6334298,48.8582263
"479",2011,"December","Williams County,North Dakota,USA","Williams County","North Dakota","USA",1.2,-103.2923954,48.432044
"480",2011,"December","Stutsman County,North Dakota,USA","Stutsman County","North Dakota","USA",3.6,-98.9909139,46.939184
"481",2011,"December","Eddy County,North Dakota,USA","Eddy County","North Dakota","USA",4.4,-98.8871816,47.6963964
"482",2011,"December","Slope County,North Dakota,USA","Slope County","North Dakota","USA",2.3,-103.5021012,46.4129398
"483",2011,"December","Emmons County,North Dakota,USA","Emmons County","North Dakota","USA",5.5,-100.2953039,46.2061318
"484",2011,"December","Traill County,North Dakota,USA","Traill County","North Dakota","USA",3.5,-97.1256368,47.4636775
"485",2011,"December","Griggs County,North Dakota,USA","Griggs County","North Dakota","USA",3,-98.2554295,47.3876664
"486",2011,"December","Morton County,North Dakota,USA","Morton County","North Dakota","USA",3.9,-101.1621736,46.6683872
"487",2011,"December","Towner County,North Dakota,USA","Towner County","North Dakota","USA",3.4,-99.2761104,48.7485974
"488",2011,"December","Dickey County,North Dakota,USA","Dickey County","North Dakota","USA",3.2,-98.4554399,46.1265285
"489",2011,"December","Ramsey County,North Dakota,USA","Ramsey County","North Dakota","USA",4,-98.7287191,48.3076017
"490",2011,"December","Adams County,North Dakota,USA","Adams County","North Dakota","USA",3.3,-102.5179098,46.0594591
"491",2011,"December","Bowman County,North Dakota,USA","Bowman County","North Dakota","USA",2.2,-103.556038,46.0945462
"492",2011,"December","Sioux County,North Dakota,USA","Sioux County","North Dakota","USA",5.1,-101.1175392,46.0512004
"493",2011,"December","Ward County,North Dakota,USA","Ward County","North Dakota","USA",2.9,-101.5805256,48.2147451
"494",2011,"December","McLean County,North Dakota,USA","McLean County","North Dakota","USA",4.6,-101.131122,47.6185079
"495",2011,"December","Burleigh County,North Dakota,USA","Burleigh County","North Dakota","USA",3.1,-100.5049676,47.0448552
"496",2011,"December","Steele County,North Dakota,USA","Steele County","North Dakota","USA",2.6,-97.688456,47.4272265
"497",2011,"December","Cavalier County,North Dakota,USA","Cavalier County","North Dakota","USA",3.2,-98.4781106,48.8103752
"498",2011,"December","Mountrail County,North Dakota,USA","Mountrail County","North Dakota","USA",1.8,-102.326433,48.2169859
"499",2011,"December","Bottineau County,North Dakota,USA","Bottineau County","North Dakota","USA",3.3,-100.7486336,48.7820733
"500",2011,"December","Ransom County,North Dakota,USA","Ransom County","North Dakota","USA",3.5,-97.6257919,46.4937656
"501",2011,"December","Logan County,North Dakota,USA","Logan County","North Dakota","USA",3.1,-99.5270202,46.5056729
"502",2011,"December","Mercer County,North Dakota,USA","Mercer County","North Dakota","USA",6,-101.8628783,47.385292
"503",2011,"December","Foster County,North Dakota,USA","Foster County","North Dakota","USA",3.2,-98.874618,47.4991972
"504",2011,"December","McHenry County,North Dakota,USA","McHenry County","North Dakota","USA",4.2,-100.7008406,48.3814671
"505",2011,"December","Cass County,North Dakota,USA","Cass County","North Dakota","USA",3.2,-97.1215579,47.071168
"506",2011,"December","Benson County,North Dakota,USA","Benson County","North Dakota","USA",6.3,-99.4648442,48.088634
"507",2011,"December","Nelson County,North Dakota,USA","Nelson County","North Dakota","USA",4.2,-98.1259898,47.9519514
"508",2011,"December","McKenzie County,North Dakota,USA","McKenzie County","North Dakota","USA",1.6,-103.4122495,47.7714179
"509",2011,"December","Pierce County,North Dakota,USA","Pierce County","North Dakota","USA",4.1,-100.0575335,48.0379438
"510",2011,"December","Billings County,North Dakota,USA","Billings County","North Dakota","USA",5.4,-103.3906121,47.0560305
"511",2011,"December","Golden Valley County,North Dakota,USA","Golden Valley County","North Dakota","USA",2.3,-103.7914154,47.0077031
"512",2011,"December","Divide County,North Dakota,USA","Divide County","North Dakota","USA",1.7,-103.582951,48.8056154
"513",2011,"December","Stark County,North Dakota,USA","Stark County","North Dakota","USA",2.1,-102.6554727,46.8250004
"514",2011,"December","Dunn County,North Dakota,USA","Dunn County","North Dakota","USA",1.6,-102.72602,47.2121625
"515",2011,"December","Rolette County,North Dakota,USA","Rolette County","North Dakota","USA",9.5,-99.8791166,48.6981517
"516",2011,"December","Burke County,North Dakota,USA","Burke County","North Dakota","USA",2.3,-102.4633691,48.7704377
"517",2011,"December","McIntosh County,North Dakota,USA","McIntosh County","North Dakota","USA",3.6,-99.376592,46.054323
"518",2011,"December","Barnes County,North Dakota,USA","Barnes County","North Dakota","USA",3.6,-98.1222338,46.926176
"519",2011,"December","Sheridan County,North Dakota,USA","Sheridan County","North Dakota","USA",3.5,-100.2844016,47.5391971
"520",2011,"December","Kidder County,North Dakota,USA","Kidder County","North Dakota","USA",5.3,-99.7506856,46.8766313
"521",2011,"December","Sargent County,North Dakota,USA","Sargent County","North Dakota","USA",3.1,-97.6152418,46.1089195
"522",2011,"December","Richland County,North Dakota,USA","Richland County","North Dakota","USA",3.9,-96.8958656,46.1546779
"523",2011,"December","Lamoure County,North Dakota,USA","Lamoure County","North Dakota","USA",2.8,-98.5457951,46.4284976
"524",2011,"December","Walsh County,North Dakota,USA","Walsh County","North Dakota","USA",4.9,-97.7528872,48.3777874
"525",2011,"December","Wells County,North Dakota,USA","Wells County","North Dakota","USA",4.5,-99.5751845,47.5217126
"526",2011,"December","Oliver County,North Dakota,USA","Oliver County","North Dakota","USA",7,-101.342985,47.1217918
"527",2011,"December","Grant County,North Dakota,USA","Grant County","North Dakota","USA",3.6,-101.5535564,46.3951108
"528",2011,"December","Grand Forks County,North Dakota,USA","Grand Forks County","North Dakota","USA",3.6,-97.3594525,48.0037819
"529",2011,"December","Hettinger County,North Dakota,USA","Hettinger County","North Dakota","USA",2.8,-102.4557007,46.3771987
"530",2011,"December","Pembina County,North Dakota,USA","Pembina County","North Dakota","USA",6.4,-97.4487964,48.7199939
"531",2011,"July","Renville County,North Dakota,USA","Renville County","North Dakota","USA",2.8,-101.6334298,48.8582263
"532",2011,"July","Williams County,North Dakota,USA","Williams County","North Dakota","USA",1.4,-103.2923954,48.432044
"533",2011,"July","Stutsman County,North Dakota,USA","Stutsman County","North Dakota","USA",3.5,-98.9909139,46.939184
"534",2011,"July","Eddy County,North Dakota,USA","Eddy County","North Dakota","USA",3.7,-98.8871816,47.6963964
"535",2011,"July","Slope County,North Dakota,USA","Slope County","North Dakota","USA",2,-103.5021012,46.4129398
"536",2011,"July","Emmons County,North Dakota,USA","Emmons County","North Dakota","USA",4.7,-100.2953039,46.2061318
"537",2011,"July","Traill County,North Dakota,USA","Traill County","North Dakota","USA",3.8,-97.1256368,47.4636775
"538",2011,"July","Griggs County,North Dakota,USA","Griggs County","North Dakota","USA",2.6,-98.2554295,47.3876664
"539",2011,"July","Morton County,North Dakota,USA","Morton County","North Dakota","USA",3.6,-101.1621736,46.6683872
"540",2011,"July","Towner County,North Dakota,USA","Towner County","North Dakota","USA",2.9,-99.2761104,48.7485974
"541",2011,"July","Dickey County,North Dakota,USA","Dickey County","North Dakota","USA",2.6,-98.4554399,46.1265285
"542",2011,"July","Ramsey County,North Dakota,USA","Ramsey County","North Dakota","USA",3.2,-98.7287191,48.3076017
"543",2011,"July","Adams County,North Dakota,USA","Adams County","North Dakota","USA",2.5,-102.5179098,46.0594591
"544",2011,"July","Bowman County,North Dakota,USA","Bowman County","North Dakota","USA",2.1,-103.556038,46.0945462
"545",2011,"July","Sioux County,North Dakota,USA","Sioux County","North Dakota","USA",6.1,-101.1175392,46.0512004
"546",2011,"July","Ward County,North Dakota,USA","Ward County","North Dakota","USA",3.5,-101.5805256,48.2147451
"547",2011,"July","McLean County,North Dakota,USA","McLean County","North Dakota","USA",4.4,-101.131122,47.6185079
"548",2011,"July","Burleigh County,North Dakota,USA","Burleigh County","North Dakota","USA",2.9,-100.5049676,47.0448552
"549",2011,"July","Steele County,North Dakota,USA","Steele County","North Dakota","USA",2.9,-97.688456,47.4272265
"550",2011,"July","Cavalier County,North Dakota,USA","Cavalier County","North Dakota","USA",2.5,-98.4781106,48.8103752
"551",2011,"July","Mountrail County,North Dakota,USA","Mountrail County","North Dakota","USA",2.2,-102.326433,48.2169859
"552",2011,"July","Bottineau County,North Dakota,USA","Bottineau County","North Dakota","USA",3.6,-100.7486336,48.7820733
"553",2011,"July","Ransom County,North Dakota,USA","Ransom County","North Dakota","USA",3.1,-97.6257919,46.4937656
"554",2011,"July","Logan County,North Dakota,USA","Logan County","North Dakota","USA",2.5,-99.5270202,46.5056729
"555",2011,"July","Mercer County,North Dakota,USA","Mercer County","North Dakota","USA",5.2,-101.8628783,47.385292
"556",2011,"July","Foster County,North Dakota,USA","Foster County","North Dakota","USA",2.6,-98.874618,47.4991972
"557",2011,"July","McHenry County,North Dakota,USA","McHenry County","North Dakota","USA",3.9,-100.7008406,48.3814671
"558",2011,"July","Cass County,North Dakota,USA","Cass County","North Dakota","USA",3,-97.1215579,47.071168
"559",2011,"July","Benson County,North Dakota,USA","Benson County","North Dakota","USA",5,-99.4648442,48.088634
"560",2011,"July","Nelson County,North Dakota,USA","Nelson County","North Dakota","USA",3.7,-98.1259898,47.9519514
"561",2011,"July","McKenzie County,North Dakota,USA","McKenzie County","North Dakota","USA",1.6,-103.4122495,47.7714179
"562",2011,"July","Pierce County,North Dakota,USA","Pierce County","North Dakota","USA",4,-100.0575335,48.0379438
"563",2011,"July","Billings County,North Dakota,USA","Billings County","North Dakota","USA",3.2,-103.3906121,47.0560305
"564",2011,"July","Golden Valley County,North Dakota,USA","Golden Valley County","North Dakota","USA",2.1,-103.7914154,47.0077031
"565",2011,"July","Divide County,North Dakota,USA","Divide County","North Dakota","USA",1.7,-103.582951,48.8056154
"566",2011,"July","Stark County,North Dakota,USA","Stark County","North Dakota","USA",2,-102.6554727,46.8250004
"567",2011,"July","Dunn County,North Dakota,USA","Dunn County","North Dakota","USA",1.9,-102.72602,47.2121625
"568",2011,"July","Rolette County,North Dakota,USA","Rolette County","North Dakota","USA",14.1,-99.8791166,48.6981517
"569",2011,"July","Burke County,North Dakota,USA","Burke County","North Dakota","USA",2.1,-102.4633691,48.7704377
"570",2011,"July","McIntosh County,North Dakota,USA","McIntosh County","North Dakota","USA",3.3,-99.376592,46.054323
"571",2011,"July","Barnes County,North Dakota,USA","Barnes County","North Dakota","USA",4.4,-98.1222338,46.926176
"572",2011,"July","Sheridan County,North Dakota,USA","Sheridan County","North Dakota","USA",3.4,-100.2844016,47.5391971
"573",2011,"July","Kidder County,North Dakota,USA","Kidder County","North Dakota","USA",4.2,-99.7506856,46.8766313
"574",2011,"July","Sargent County,North Dakota,USA","Sargent County","North Dakota","USA",2.6,-97.6152418,46.1089195
"575",2011,"July","Richland County,North Dakota,USA","Richland County","North Dakota","USA",3.6,-96.8958656,46.1546779
"576",2011,"July","Lamoure County,North Dakota,USA","Lamoure County","North Dakota","USA",2.9,-98.5457951,46.4284976
"577",2011,"July","Walsh County,North Dakota,USA","Walsh County","North Dakota","USA",5.1,-97.7528872,48.3777874
"578",2011,"July","Wells County,North Dakota,USA","Wells County","North Dakota","USA",3.3,-99.5751845,47.5217126
"579",2011,"July","Oliver County,North Dakota,USA","Oliver County","North Dakota","USA",6,-101.342985,47.1217918
"580",2011,"July","Grant County,North Dakota,USA","Grant County","North Dakota","USA",3.2,-101.5535564,46.3951108
"581",2011,"July","Grand Forks County,North Dakota,USA","Grand Forks County","North Dakota","USA",3.7,-97.3594525,48.0037819
"582",2011,"July","Hettinger County,North Dakota,USA","Hettinger County","North Dakota","USA",2.7,-102.4557007,46.3771987
"583",2011,"July","Pembina County,North Dakota,USA","Pembina County","North Dakota","USA",6.7,-97.4487964,48.7199939
"584",2011,"November","Renville County,North Dakota,USA","Renville County","North Dakota","USA",2.5,-101.6334298,48.8582263
"585",2011,"November","Williams County,North Dakota,USA","Williams County","North Dakota","USA",1.1,-103.2923954,48.432044
"586",2011,"November","Stutsman County,North Dakota,USA","Stutsman County","North Dakota","USA",3.1,-98.9909139,46.939184
"587",2011,"November","Eddy County,North Dakota,USA","Eddy County","North Dakota","USA",3.4,-98.8871816,47.6963964
"588",2011,"November","Slope County,North Dakota,USA","Slope County","North Dakota","USA",2.1,-103.5021012,46.4129398
"589",2011,"November","Emmons County,North Dakota,USA","Emmons County","North Dakota","USA",5.2,-100.2953039,46.2061318
"590",2011,"November","Traill County,North Dakota,USA","Traill County","North Dakota","USA",3,-97.1256368,47.4636775
"591",2011,"November","Griggs County,North Dakota,USA","Griggs County","North Dakota","USA",2.3,-98.2554295,47.3876664
"592",2011,"November","Morton County,North Dakota,USA","Morton County","North Dakota","USA",3.5,-101.1621736,46.6683872
"593",2011,"November","Towner County,North Dakota,USA","Towner County","North Dakota","USA",3,-99.2761104,48.7485974
"594",2011,"November","Dickey County,North Dakota,USA","Dickey County","North Dakota","USA",2.9,-98.4554399,46.1265285
"595",2011,"November","Ramsey County,North Dakota,USA","Ramsey County","North Dakota","USA",3.4,-98.7287191,48.3076017
"596",2011,"November","Adams County,North Dakota,USA","Adams County","North Dakota","USA",2.9,-102.5179098,46.0594591
"597",2011,"November","Bowman County,North Dakota,USA","Bowman County","North Dakota","USA",1.9,-103.556038,46.0945462
"598",2011,"November","Sioux County,North Dakota,USA","Sioux County","North Dakota","USA",5.2,-101.1175392,46.0512004
"599",2011,"November","Ward County,North Dakota,USA","Ward County","North Dakota","USA",2.6,-101.5805256,48.2147451
"600",2011,"November","McLean County,North Dakota,USA","McLean County","North Dakota","USA",4.2,-101.131122,47.6185079
"601",2011,"November","Burleigh County,North Dakota,USA","Burleigh County","North Dakota","USA",2.8,-100.5049676,47.0448552
"602",2011,"November","Steele County,North Dakota,USA","Steele County","North Dakota","USA",2.4,-97.688456,47.4272265
"603",2011,"November","Cavalier County,North Dakota,USA","Cavalier County","North Dakota","USA",2.6,-98.4781106,48.8103752
"604",2011,"November","Mountrail County,North Dakota,USA","Mountrail County","North Dakota","USA",1.8,-102.326433,48.2169859
"605",2011,"November","Bottineau County,North Dakota,USA","Bottineau County","North Dakota","USA",3.2,-100.7486336,48.7820733
"606",2011,"November","Ransom County,North Dakota,USA","Ransom County","North Dakota","USA",2.8,-97.6257919,46.4937656
"607",2011,"November","Logan County,North Dakota,USA","Logan County","North Dakota","USA",2.8,-99.5270202,46.5056729
"608",2011,"November","Mercer County,North Dakota,USA","Mercer County","North Dakota","USA",5.3,-101.8628783,47.385292
"609",2011,"November","Foster County,North Dakota,USA","Foster County","North Dakota","USA",2.2,-98.874618,47.4991972
"610",2011,"November","McHenry County,North Dakota,USA","McHenry County","North Dakota","USA",3.7,-100.7008406,48.3814671
"611",2011,"November","Cass County,North Dakota,USA","Cass County","North Dakota","USA",2.9,-97.1215579,47.071168
"612",2011,"November","Benson County,North Dakota,USA","Benson County","North Dakota","USA",5.2,-99.4648442,48.088634
"613",2011,"November","Nelson County,North Dakota,USA","Nelson County","North Dakota","USA",3.6,-98.1259898,47.9519514
"614",2011,"November","McKenzie County,North Dakota,USA","McKenzie County","North Dakota","USA",1.4,-103.4122495,47.7714179
"615",2011,"November","Pierce County,North Dakota,USA","Pierce County","North Dakota","USA",3.9,-100.0575335,48.0379438
"616",2011,"November","Billings County,North Dakota,USA","Billings County","North Dakota","USA",3.8,-103.3906121,47.0560305
"617",2011,"November","Golden Valley County,North Dakota,USA","Golden Valley County","North Dakota","USA",2,-103.7914154,47.0077031
"618",2011,"November","Divide County,North Dakota,USA","Divide County","North Dakota","USA",1.5,-103.582951,48.8056154
"619",2011,"November","Stark County,North Dakota,USA","Stark County","North Dakota","USA",1.9,-102.6554727,46.8250004
"620",2011,"November","Dunn County,North Dakota,USA","Dunn County","North Dakota","USA",1.6,-102.72602,47.2121625
"621",2011,"November","Rolette County,North Dakota,USA","Rolette County","North Dakota","USA",8.8,-99.8791166,48.6981517
"622",2011,"November","Burke County,North Dakota,USA","Burke County","North Dakota","USA",2,-102.4633691,48.7704377
"623",2011,"November","McIntosh County,North Dakota,USA","McIntosh County","North Dakota","USA",3.3,-99.376592,46.054323
"624",2011,"November","Barnes County,North Dakota,USA","Barnes County","North Dakota","USA",3.3,-98.1222338,46.926176
"625",2011,"November","Sheridan County,North Dakota,USA","Sheridan County","North Dakota","USA",3.4,-100.2844016,47.5391971
"626",2011,"November","Kidder County,North Dakota,USA","Kidder County","North Dakota","USA",4.3,-99.7506856,46.8766313
"627",2011,"November","Sargent County,North Dakota,USA","Sargent County","North Dakota","USA",2.6,-97.6152418,46.1089195
"628",2011,"November","Richland County,North Dakota,USA","Richland County","North Dakota","USA",3.6,-96.8958656,46.1546779
"629",2011,"November","Lamoure County,North Dakota,USA","Lamoure County","North Dakota","USA",2.5,-98.5457951,46.4284976
"630",2011,"November","Walsh County,North Dakota,USA","Walsh County","North Dakota","USA",4.5,-97.7528872,48.3777874
"631",2011,"November","Wells County,North Dakota,USA","Wells County","North Dakota","USA",3.3,-99.5751845,47.5217126
"632",2011,"November","Oliver County,North Dakota,USA","Oliver County","North Dakota","USA",6.6,-101.342985,47.1217918
"633",2011,"November","Grant County,North Dakota,USA","Grant County","North Dakota","USA",2.8,-101.5535564,46.3951108
"634",2011,"November","Grand Forks County,North Dakota,USA","Grand Forks County","North Dakota","USA",3.4,-97.3594525,48.0037819
"635",2011,"November","Hettinger County,North Dakota,USA","Hettinger County","North Dakota","USA",2.2,-102.4557007,46.3771987
"636",2011,"November","Pembina County,North Dakota,USA","Pembina County","North Dakota","USA",5.9,-97.4487964,48.7199939
